<?xml version="1.0" encoding="UTF-8"?>
<Configuration status="WARN" monitorInterval="30">
	<Properties>
		<Property name="LOG_PATTERN">%d{dd MMM yyyy HH:mm:ss,SSS} %-5p %c [%X{RemoteIP},%X{Account}][%X{Session}] [%X{Request}] - %m%n
		</Property>

	</Properties>
	<Appenders>
		<Console name="Console" target="SYSTEM_OUT" follow="true">
			<PatternLayout pattern="${LOG_PATTERN}" />
		</Console>

		<Routing name="VZW_CLOUD">
			<Routes pattern="$${ctx:serverName}">
				<Route>
					<RollingFile name="VZW_CLOUD"
						fileName="/log/springboot/${ctx:serverName}/ott.log" filePattern="VZW_CLOUD-%d{yyyy-MM-dd}-%i.log">
						<PatternLayout pattern="${LOG_PATTERN}" />
						<Policies>
							<SizeBasedTriggeringPolicy size="100MB" />
						</Policies>
						<DefaultRolloverStrategy max="10" />
					</RollingFile>
				</Route>
			</Routes>
		</Routing>


		<Routing name="CLOUD_SERVICES">
			<Routes pattern="$${ctx:serverName}">
				<Route>
					<RollingFile name="CLOUD_SERVICES"
						fileName="/log/springboot/${ctx:serverName}/cloudServices.log"
						filePattern="CLOUD_SERVICES-%d{yyyy-MM-dd}-%i.log">
						<PatternLayout pattern="${LOG_PATTERN}" />
						<Policies>
							<SizeBasedTriggeringPolicy size="100MB" />
						</Policies>
						<DefaultRolloverStrategy max="10" />
					</RollingFile>

				</Route>
			</Routes>
		</Routing>


		<Routing name="CLOUD_DVS_SERVICES">
			<Routes pattern="$${ctx:serverName}">
				<Route>
					<RollingFile name="CLOUD_DVS_SERVICES"
						fileName="/log/springboot/${ctx:serverName}/dvs.log" filePattern="CLOUD_DVS_SERVICES-%d{yyyy-MM-dd}-%i.log">
						<PatternLayout pattern="${LOG_PATTERN}" />
						<Policies>
							<SizeBasedTriggeringPolicy size="100MB" />
						</Policies>
						<DefaultRolloverStrategy max="10" />
					</RollingFile>

				</Route>
			</Routes>
		</Routing>

		<Routing name="CLOUD_DAO">
			<Routes pattern="$${ctx:serverName}">
				<Route>
					<RollingFile name="CLOUD_DAO"
						fileName="/log/springboot/${ctx:serverName}/cloudDAO.log"
						filePattern="CLOUD_DAO-%d{yyyy-MM-dd}-%i.log">
						<PatternLayout pattern="${LOG_PATTERN}" />
						<Policies>
							<SizeBasedTriggeringPolicy size="100MB" />
						</Policies>
						<DefaultRolloverStrategy max="10" />
					</RollingFile>

				</Route>
			</Routes>
		</Routing>



	</Appenders>
	<Loggers>

	
		<logger name="com.ibatis" additivity="true" level="error">
			<AppenderRef ref="CLOUD_DAO" />
		</logger>

		<logger name="java.sql" additivity="true" level="error">
			<AppenderRef ref="CLOUD_DAO" />
		</logger>

		<logger name="com.ibatis.common.jdbc" additivity="true" level="error">
			<AppenderRef ref="CLOUD_DAO" />
		</logger>


		<logger name="com.vzw.cloud.web" additivity="true" level="error">
			<AppenderRef ref="VZW_CLOUD" />
		</logger>

		<logger name="com.vzw.cloud.media" additivity="true" level="error">
			<AppenderRef ref="CLOUD_SERVICES" />
		</logger>

		<logger name="com.vzw.cloud.dvs" additivity="true" level="error">
			<AppenderRef ref="CLOUD_DVS_SERVICES" />
		</logger>

		<logger name="com.vzw.cloud.common" additivity="true" level="error">
			<AppenderRef ref="CLOUD_SERVICES" />
		</logger>


		<logger name="com.vzw.cloudutils" additivity="true" level="error">
			<AppenderRef ref="CLOUD_SERVICES" />
		</logger>
		
		<logger name="com.vzw.cloud.contacts" additivity="true" level="error">
			<AppenderRef ref="CLOUD_SERVICES" />
		</logger>
		<logger name="com.vzw.cloud.interceptor" additivity="true" level="error">
			<AppenderRef ref="VZW_CLOUD" />
		</logger>

		<logger name="com.vzw.cloud.ott.api" additivity="true" level="error">
			<AppenderRef ref="CLOUD_SERVICES" />
		</logger>

		<logger name="com.vzw.cloud.ott.enterprise" additivity="true" level="error">
			<AppenderRef ref="CLOUD_SERVICES" />
		</logger>

		<logger name="com.vzw" additivity="true" level="error">
			<AppenderRef ref="VZW_CLOUD" />
		</logger>
		
		<logger name="com.vzw.cloud.filter" additivity="true" level="error">
			<AppenderRef ref="VZW_CLOUD" />
		</logger>

		<Root level="ERROR">

		</Root>


	</Loggers>
	<!-- all> -->
</Configuration>
